"requestedUrl","finalUrl","fetchTime","gatherMode"
"http://localhost:10200/dobetterweb/dbw_tester.html","http://localhost:10200/dobetterweb/dbw_tester.html","2021-09-07T20:11:11.853Z","navigation"

category,score
"performance","0.26"
"accessibility","0.78"
"best-practices","0.25"
"seo","0.67"
"pwa","0.33"

category,audit,score,displayValue,description
"performance","first-contentful-paint","0.01","6.8 s","First Contentful Paint marks the time at which the first text or image is painted. [Learn more about the First Contentful Paint metric](https://web.dev/first-contentful-paint/)."
"performance","interactive","0.41","8.2 s","Time to Interactive is the amount of time it takes for the page to become fully interactive. [Learn more about the Time to Interactive metric](https://web.dev/interactive/)."
"performance","speed-index","0.21","8.1 s","Speed Index shows how quickly the contents of a page are visibly populated. [Learn more about the Speed Index metric](https://web.dev/speed-index/)."
"performance","total-blocking-time","0.2","1,220 ms","Sum of all time periods between FCP and Time to Interactive, when task length exceeded 50ms, expressed in milliseconds. [Learn more about the Total Blocking Time metric](https://web.dev/lighthouse-total-blocking-time/)."
"performance","largest-contentful-paint","0.07","6.8 s","Largest Contentful Paint marks the time at which the largest text or image is painted. [Learn more about the Largest Contentful Paint metric](https://web.dev/lighthouse-largest-contentful-paint/)"
"performance","cumulative-layout-shift","0.8","0.136","Cumulative Layout Shift measures the movement of visible elements within the viewport. [Learn more about the Cumulative Layout Shift metric](https://web.dev/cls/)."
"performance","max-potential-fid","0","1,170 ms","The maximum potential First Input Delay that your users could experience is the duration of the longest task. [Learn more about the Maximum Potential First Input Delay metric](https://web.dev/lighthouse-max-potential-fid/)."
"performance","first-meaningful-paint","0.1","6.8 s","First Meaningful Paint measures when the primary content of a page is visible. [Learn more about the First Meaningful Paint metric](https://web.dev/first-meaningful-paint/)."
"performance","render-blocking-resources","1","Potential savings of 0 ms","Resources are blocking the first paint of your page. Consider delivering critical JS/CSS inline and deferring all non-critical JS/styles. [Learn how to eliminate render-blocking resources](https://web.dev/render-blocking-resources/)."
"performance","uses-responsive-images","0.75","Potential savings of 49 KiB","Serve images that are appropriately-sized to save cellular data and improve load time. [Learn how to size images](https://web.dev/uses-responsive-images/)."
"performance","offscreen-images","1","","Consider lazy-loading offscreen and hidden images after all critical resources have finished loading to lower time to interactive. [Learn how to defer offscreen images](https://web.dev/offscreen-images/)."
"performance","unminified-css","1","","Minifying CSS files can reduce network payload sizes. [Learn how to minify CSS](https://web.dev/unminified-css/)."
"performance","unminified-javascript","0.48","Potential savings of 82 KiB","Minifying JavaScript files can reduce payload sizes and script parse time. [Learn how to minify JavaScript](https://web.dev/unminified-javascript/)."
"performance","unused-css-rules","1","","Reduce unused rules from stylesheets and defer CSS not used for above-the-fold content to decrease bytes consumed by network activity. [Learn how to reduce unused CSS](https://web.dev/unused-css-rules/)."
"performance","unused-javascript","0.58","Potential savings of 64 KiB","Reduce unused JavaScript and defer loading scripts until they are required to decrease bytes consumed by network activity. [Learn how to reduce unused JavaScript](https://web.dev/unused-javascript/)."
"performance","uses-optimized-images","1","","Optimized images load faster and consume less cellular data. [Learn how to efficiently encode images](https://web.dev/uses-optimized-images/)."
"performance","modern-image-formats","0.67","Potential savings of 76 KiB","Image formats like WebP and AVIF often provide better compression than PNG or JPEG, which means faster downloads and less data consumption. [Learn more about modern image formats](https://web.dev/uses-webp-images/)."
"performance","uses-text-compression","0.38","Potential savings of 143 KiB","Text-based resources should be served with compression (gzip, deflate or brotli) to minimize total network bytes. [Learn more about text compression](https://web.dev/uses-text-compression/)."
"performance","uses-rel-preconnect","1","","Consider adding `preconnect` or `dns-prefetch` resource hints to establish early connections to important third-party origins. [Learn how to preconnect to required origins](https://web.dev/uses-rel-preconnect/)."
"performance","server-response-time","1","Root document took 570 ms","Keep the server response time for the main document short because all other requests depend on it. [Learn more about the Time to First Byte metric](https://web.dev/time-to-first-byte/)."
"performance","redirects","1","","Redirects introduce additional delays before the page can be loaded. [Learn how to avoid page redirects](https://web.dev/redirects/)."
"performance","uses-rel-preload","null","","Consider using `<link rel=preload>` to prioritize fetching resources that are currently requested later in page load. [Learn how to preload key requests](https://web.dev/uses-rel-preload/)."
"performance","uses-http2","1","","HTTP/2 offers many benefits over HTTP/1.1, including binary headers and multiplexing. [Learn more about HTTP/2](https://web.dev/uses-http2/)."
"performance","efficient-animated-content","0.2","Potential savings of 666 KiB","Large GIFs are inefficient for delivering animated content. Consider using MPEG4/WebM videos for animations and PNG/WebP for static images instead of GIF to save network bytes. [Learn more about efficient video formats](https://web.dev/efficient-animated-content/)"
"performance","duplicated-javascript","1","","Remove large, duplicate JavaScript modules from bundles to reduce unnecessary bytes consumed by network activity. "
"performance","legacy-javascript","0.88","Potential savings of 21 KiB","Polyfills and transforms enable legacy browsers to use new JavaScript features. However, many aren't necessary for modern browsers. For your bundled JavaScript, adopt a modern script deployment strategy using module/nomodule feature detection to reduce the amount of code shipped to modern browsers, while retaining support for legacy browsers. [Learn how to use modern JavaScript](https://web.dev/publish-modern-javascript/)"
"performance","preload-lcp-image","1","","If the LCP element is dynamically added to the page, you should preload the image in order to improve LCP. [Learn more about preloading LCP elements](https://web.dev/optimize-lcp/#preload-important-resources)."
"performance","total-byte-weight","1","Total size was 1,293 KiB","Large network payloads cost users real money and are highly correlated with long load times. [Learn how to reduce payload sizes](https://web.dev/total-byte-weight/)."
"performance","uses-long-cache-ttl","0.02","18 resources found","A long cache lifetime can speed up repeat visits to your page. [Learn more about efficient cache policies](https://web.dev/uses-long-cache-ttl/)."
"performance","dom-size","1","153 elements","A large DOM will increase memory usage, cause longer [style calculations](https://developers.google.com/web/fundamentals/performance/rendering/reduce-the-scope-and-complexity-of-style-calculations), and produce costly [layout reflows](https://developers.google.com/speed/articles/reflow). [Learn how to avoid an excessive DOM size](https://web.dev/dom-size/)."
"performance","critical-request-chains","null","12 chains found","The Critical Request Chains below show you what resources are loaded with a high priority. Consider reducing the length of chains, reducing the download size of resources, or deferring the download of unnecessary resources to improve page load. [Learn how to avoid chaining critical requests](https://web.dev/critical-request-chains/)."
"performance","user-timings","null","42 user timings","Consider instrumenting your app with the User Timing API to measure your app's real-world performance during key user experiences. [Learn more about User Timing marks](https://web.dev/user-timings/)."
"performance","bootup-time","0.89","1.3 s","Consider reducing the time spent parsing, compiling, and executing JS. You may find delivering smaller JS payloads helps with this. [Learn how to reduce Javascript execution time](https://web.dev/bootup-time/)."
"performance","mainthread-work-breakdown","0.86","2.2 s","Consider reducing the time spent parsing, compiling and executing JS. You may find delivering smaller JS payloads helps with this. [Learn how to minimize main-thread work](https://web.dev/mainthread-work-breakdown/)"
"performance","font-display","1","","Leverage the `font-display` CSS feature to ensure text is user-visible while webfonts are loading. [Learn more about `font-display`](https://web.dev/font-display/)."
"performance","resource-summary","null","23 requests • 1,293 KiB","To set budgets for the quantity and size of page resources, add a budget.json file. [Learn more about performance budgets](https://web.dev/use-lighthouse-for-performance-budgets/)."
"performance","third-party-summary","1","Third-party code blocked the main thread for 0 ms","Third-party code can significantly impact load performance. Limit the number of redundant third-party providers and try to load third-party code after your page has primarily finished loading. [Learn how to minimize third-party impact](https://developers.google.com/web/fundamentals/performance/optimizing-content-efficiency/loading-third-party-javascript/)."
"performance","third-party-facades","null","","Some third-party embeds can be lazy loaded. Consider replacing them with a facade until they are required. [Learn how to defer third-parties with a facade](https://web.dev/third-party-facades/)."
"performance","largest-contentful-paint-element","null","1 element found","This is the largest contentful element painted within the viewport. [Learn more about the Largest Contentful Paint element](https://web.dev/lighthouse-largest-contentful-paint/)"
"performance","lcp-lazy-loaded","null","","Above-the-fold images that are lazily loaded render later in the page lifecycle, which can delay the largest contentful paint. [Learn more about optimal lazy loading](https://web.dev/lcp-lazy-loading/)."
"performance","layout-shift-elements","null","5 elements found","These DOM elements contribute most to the CLS of the page."
"performance","uses-passive-event-listeners","0","","Consider marking your touch and wheel event listeners as `passive` to improve your page's scroll performance. [Learn more about adopting passive event listeners](https://web.dev/uses-passive-event-listeners/)."
"performance","no-document-write","0","","For users on slow connections, external scripts dynamically injected via `document.write()` can delay page load by tens of seconds. [Learn how to avoid document.write()](https://web.dev/no-document-write/)."
"performance","long-tasks","null","2 long tasks found","Lists the longest tasks on the main thread, useful for identifying worst contributors to input delay. [Learn how to avoid long main-thread tasks](https://web.dev/long-tasks-devtools/)"
"performance","non-composited-animations","null","1 animated element found","Animations which are not composited can be janky and increase CLS. [Learn how to avoid non-composited animations](https://web.dev/non-composited-animations)"
"performance","unsized-images","0","","Set an explicit width and height on image elements to reduce layout shifts and improve CLS. [Learn how to set image dimensions](https://web.dev/optimize-cls/#images-without-dimensions)"
"performance","viewport","1","","A `<meta name=""viewport"">` not only optimizes your app for mobile screen sizes, but also prevents [a 300 millisecond delay to user input](https://developers.google.com/web/updates/2013/12/300ms-tap-delay-gone-away). [Learn more about using the viewport meta tag](https://web.dev/viewport/)."
"performance","no-unload-listeners","0","","The `unload` event does not fire reliably and listening for it can prevent browser optimizations like the Back-Forward Cache. Use `pagehide` or `visibilitychange` events instead. [Learn more about unload event listeners](https://web.dev/bfcache/#never-use-the-unload-event)"
"performance","performance-budget","null","","Keep the quantity and size of network requests under the targets set by the provided performance budget. [Learn more about performance budgets](https://developers.google.com/web/tools/lighthouse/audits/budgets)."
"performance","timing-budget","null","","Set a timing budget to help you keep an eye on the performance of your site. Performant sites load fast and respond to user input events quickly. [Learn more about performance budgets](https://developers.google.com/web/tools/lighthouse/audits/budgets)."
"performance","network-requests","null","","Lists the network requests that were made during page load."
"performance","network-rtt","null","10 ms","Network round trip times (RTT) have a large impact on performance. If the RTT to an origin is high, it's an indication that servers closer to the user could improve performance. [Learn more about the Round Trip Time](https://hpbn.co/primer-on-latency-and-bandwidth/)."
"performance","network-server-latency","null","580 ms","Server latencies can impact web performance. If the server latency of an origin is high, it's an indication the server is overloaded or has poor backend performance. [Learn more about server response time](https://hpbn.co/primer-on-web-performance/#analyzing-the-resource-waterfall)."
"performance","main-thread-tasks","null","","Lists the toplevel main thread tasks that executed during page load."
"performance","diagnostics","null","","Collection of useful page vitals."
"performance","metrics","null","","Collects all available metrics."
"performance","screenshot-thumbnails","null","","This is what the load of your site looked like."
"performance","final-screenshot","null","","The last screenshot captured of the pageload."
"performance","script-treemap-data","null","","Used for treemap app"
"accessibility","accesskeys","null","","Access keys let users quickly focus a part of the page. For proper navigation, each access key must be unique. [Learn more about access keys](https://dequeuniversity.com/rules/axe/4.4/accesskeys)."
"accessibility","aria-allowed-attr","1","","Each ARIA `role` supports a specific subset of `aria-*` attributes. Mismatching these invalidates the `aria-*` attributes. [Learn how to match ARIA attributes to their roles](https://dequeuniversity.com/rules/axe/4.4/aria-allowed-attr)."
"accessibility","aria-command-name","null","","When an element doesn't have an accessible name, screen readers announce it with a generic name, making it unusable for users who rely on screen readers. [Learn how to make command elements more accessible](https://dequeuniversity.com/rules/axe/4.4/aria-command-name)."
"accessibility","aria-hidden-body","1","","Assistive technologies, like screen readers, work inconsistently when `aria-hidden=""true""` is set on the document `<body>`. [Learn how `aria-hidden` affects the document body](https://dequeuniversity.com/rules/axe/4.4/aria-hidden-body)."
"accessibility","aria-hidden-focus","null","","Focusable descendents within an `[aria-hidden=""true""]` element prevent those interactive elements from being available to users of assistive technologies like screen readers. [Learn how `aria-hidden` affects focusable elements](https://dequeuniversity.com/rules/axe/4.4/aria-hidden-focus)."
"accessibility","aria-input-field-name","null","","When an input field doesn't have an accessible name, screen readers announce it with a generic name, making it unusable for users who rely on screen readers. [Learn more about input field labels](https://dequeuniversity.com/rules/axe/4.4/aria-input-field-name)."
"accessibility","aria-meter-name","null","","When an element doesn't have an accessible name, screen readers announce it with a generic name, making it unusable for users who rely on screen readers. [Learn how to name `meter` elements](https://dequeuniversity.com/rules/axe/4.4/aria-meter-name)."
"accessibility","aria-progressbar-name","null","","When a `progressbar` element doesn't have an accessible name, screen readers announce it with a generic name, making it unusable for users who rely on screen readers. [Learn how to label `progressbar` elements](https://dequeuniversity.com/rules/axe/4.4/aria-progressbar-name)."
"accessibility","aria-required-attr","1","","Some ARIA roles have required attributes that describe the state of the element to screen readers. [Learn more about roles and required attributes](https://dequeuniversity.com/rules/axe/4.4/aria-required-attr)."
"accessibility","aria-required-children","null","","Some ARIA parent roles must contain specific child roles to perform their intended accessibility functions. [Learn more about roles and required children elements](https://dequeuniversity.com/rules/axe/4.4/aria-required-children)."
"accessibility","aria-required-parent","null","","Some ARIA child roles must be contained by specific parent roles to properly perform their intended accessibility functions. [Learn more about ARIA roles and required parent element](https://dequeuniversity.com/rules/axe/4.4/aria-required-parent)."
"accessibility","aria-roles","1","","ARIA roles must have valid values in order to perform their intended accessibility functions. [Learn more about valid ARIA roles](https://dequeuniversity.com/rules/axe/4.4/aria-roles)."
"accessibility","aria-toggle-field-name","null","","When a toggle field doesn't have an accessible name, screen readers announce it with a generic name, making it unusable for users who rely on screen readers. [Learn more about toggle fields](https://dequeuniversity.com/rules/axe/4.4/aria-toggle-field-name)."
"accessibility","aria-tooltip-name","null","","When an element doesn't have an accessible name, screen readers announce it with a generic name, making it unusable for users who rely on screen readers. [Learn how to name `tooltip` elements](https://dequeuniversity.com/rules/axe/4.4/aria-tooltip-name)."
"accessibility","aria-treeitem-name","null","","When a `treeitem` element doesn't have an accessible name, screen readers announce it with a generic name, making it unusable for users who rely on screen readers. [Learn more about labeling `treeitem` elements](https://dequeuniversity.com/rules/axe/4.4/aria-treeitem-name)."
"accessibility","aria-valid-attr-value","1","","Assistive technologies, like screen readers, can't interpret ARIA attributes with invalid values. [Learn more about valid values for ARIA attributes](https://dequeuniversity.com/rules/axe/4.4/aria-valid-attr-value)."
"accessibility","aria-valid-attr","1","","Assistive technologies, like screen readers, can't interpret ARIA attributes with invalid names. [Learn more about valid ARIA attributes](https://dequeuniversity.com/rules/axe/4.4/aria-valid-attr)."
"accessibility","button-name","1","","When a button doesn't have an accessible name, screen readers announce it as ""button"", making it unusable for users who rely on screen readers. [Learn how to make buttons more accessible](https://dequeuniversity.com/rules/axe/4.4/button-name)."
"accessibility","bypass","1","","Adding ways to bypass repetitive content lets keyboard users navigate the page more efficiently. [Learn more about bypass blocks](https://dequeuniversity.com/rules/axe/4.4/bypass)."
"accessibility","color-contrast","1","","Low-contrast text is difficult or impossible for many users to read. [Learn how to provide sufficient color contrast](https://dequeuniversity.com/rules/axe/4.4/color-contrast)."
"accessibility","definition-list","null","","When definition lists are not properly marked up, screen readers may produce confusing or inaccurate output. [Learn how to structure definition lists correctly](https://dequeuniversity.com/rules/axe/4.4/definition-list)."
"accessibility","dlitem","null","","Definition list items (`<dt>` and `<dd>`) must be wrapped in a parent `<dl>` element to ensure that screen readers can properly announce them. [Learn how to structure definition lists correctly](https://dequeuniversity.com/rules/axe/4.4/dlitem)."
"accessibility","document-title","1","","The title gives screen reader users an overview of the page, and search engine users rely on it heavily to determine if a page is relevant to their search. [Learn more about document titles](https://dequeuniversity.com/rules/axe/4.4/document-title)."
"accessibility","duplicate-id-active","null","","All focusable elements must have a unique `id` to ensure that they're visible to assistive technologies. [Learn how to fix duplicate `id`s](https://dequeuniversity.com/rules/axe/4.4/duplicate-id-active)."
"accessibility","duplicate-id-aria","1","","The value of an ARIA ID must be unique to prevent other instances from being overlooked by assistive technologies. [Learn how to fix duplicate ARIA IDs](https://dequeuniversity.com/rules/axe/4.4/duplicate-id-aria)."
"accessibility","form-field-multiple-labels","null","","Form fields with multiple labels can be confusingly announced by assistive technologies like screen readers which use either the first, the last, or all of the labels. [Learn how to use form labels](https://dequeuniversity.com/rules/axe/4.4/form-field-multiple-labels)."
"accessibility","frame-title","null","","Screen reader users rely on frame titles to describe the contents of frames. [Learn more about frame titles](https://dequeuniversity.com/rules/axe/4.4/frame-title)."
"accessibility","heading-order","1","","Properly ordered headings that do not skip levels convey the semantic structure of the page, making it easier to navigate and understand when using assistive technologies. [Learn more about heading order](https://dequeuniversity.com/rules/axe/4.4/heading-order)."
"accessibility","html-has-lang","0","","If a page doesn't specify a `lang` attribute, a screen reader assumes that the page is in the default language that the user chose when setting up the screen reader. If the page isn't actually in the default language, then the screen reader might not announce the page's text correctly. [Learn more about the `lang` attribute](https://dequeuniversity.com/rules/axe/4.4/html-has-lang)."
"accessibility","html-lang-valid","null","","Specifying a valid [BCP 47 language](https://www.w3.org/International/questions/qa-choosing-language-tags#question) helps screen readers announce text properly. [Learn how to use the `lang` attribute](https://dequeuniversity.com/rules/axe/4.4/html-lang-valid)."
"accessibility","image-alt","0","","Informative elements should aim for short, descriptive alternate text. Decorative elements can be ignored with an empty alt attribute. [Learn more about the `alt` attribute](https://dequeuniversity.com/rules/axe/4.4/image-alt)."
"accessibility","input-image-alt","null","","When an image is being used as an `<input>` button, providing alternative text can help screen reader users understand the purpose of the button. [Learn about input image alt text](https://dequeuniversity.com/rules/axe/4.4/input-image-alt)."
"accessibility","label","0","","Labels ensure that form controls are announced properly by assistive technologies, like screen readers. [Learn more about form element labels](https://dequeuniversity.com/rules/axe/4.4/label)."
"accessibility","link-name","0","","Link text (and alternate text for images, when used as links) that is discernible, unique, and focusable improves the navigation experience for screen reader users. [Learn how to make links accessible](https://dequeuniversity.com/rules/axe/4.4/link-name)."
"accessibility","list","null","","Screen readers have a specific way of announcing lists. Ensuring proper list structure aids screen reader output. [Learn more about proper list structure](https://dequeuniversity.com/rules/axe/4.4/list)."
"accessibility","listitem","null","","Screen readers require list items (`<li>`) to be contained within a parent `<ul>`, `<ol>` or `<menu>` to be announced properly. [Learn more about proper list structure](https://dequeuniversity.com/rules/axe/4.4/listitem)."
"accessibility","meta-refresh","null","","Users do not expect a page to refresh automatically, and doing so will move focus back to the top of the page. This may create a frustrating or confusing experience. [Learn more about the refresh meta tag](https://dequeuniversity.com/rules/axe/4.4/meta-refresh)."
"accessibility","meta-viewport","1","","Disabling zooming is problematic for users with low vision who rely on screen magnification to properly see the contents of a web page. [Learn more about the viewport meta tag](https://dequeuniversity.com/rules/axe/4.4/meta-viewport)."
"accessibility","object-alt","0","","Screen readers cannot translate non-text content. Adding alternate text to `<object>` elements helps screen readers convey meaning to users. [Learn more about alt text for `object` elements](https://dequeuniversity.com/rules/axe/4.4/object-alt)."
"accessibility","tabindex","null","","A value greater than 0 implies an explicit navigation ordering. Although technically valid, this often creates frustrating experiences for users who rely on assistive technologies. [Learn more about the `tabindex` attribute](https://dequeuniversity.com/rules/axe/4.4/tabindex)."
"accessibility","td-headers-attr","null","","Screen readers have features to make navigating tables easier. Ensuring `<td>` cells using the `[headers]` attribute only refer to other cells in the same table may improve the experience for screen reader users. [Learn more about the `headers` attribute](https://dequeuniversity.com/rules/axe/4.4/td-headers-attr)."
"accessibility","th-has-data-cells","null","","Screen readers have features to make navigating tables easier. Ensuring table headers always refer to some set of cells may improve the experience for screen reader users. [Learn more about table headers](https://dequeuniversity.com/rules/axe/4.4/th-has-data-cells)."
"accessibility","valid-lang","null","","Specifying a valid [BCP 47 language](https://www.w3.org/International/questions/qa-choosing-language-tags#question) on elements helps ensure that text is pronounced correctly by a screen reader. [Learn how to use the `lang` attribute](https://dequeuniversity.com/rules/axe/4.4/valid-lang)."
"accessibility","video-caption","null","","When a video provides a caption it is easier for deaf and hearing impaired users to access its information. [Learn more about video captions](https://dequeuniversity.com/rules/axe/4.4/video-caption)."
"accessibility","logical-tab-order","null","","Tabbing through the page follows the visual layout. Users cannot focus elements that are offscreen. [Learn more about logical tab ordering](https://web.dev/logical-tab-order/)."
"accessibility","focusable-controls","null","","Custom interactive controls are keyboard focusable and display a focus indicator. [Learn how to make custom controls focusable](https://web.dev/focusable-controls/)."
"accessibility","interactive-element-affordance","null","","Interactive elements, such as links and buttons, should indicate their state and be distinguishable from non-interactive elements. [Learn how to decorate interactive elements with affordance hints](https://web.dev/interactive-element-affordance/)."
"accessibility","managed-focus","null","","If new content, such as a dialog, is added to the page, the user's focus is directed to it. [Learn how to direct focus to new content](https://web.dev/managed-focus/)."
"accessibility","focus-traps","null","","A user can tab into and out of any control or region without accidentally trapping their focus. [Learn how to avoid focus traps](https://web.dev/focus-traps/)."
"accessibility","custom-controls-labels","null","","Custom interactive controls have associated labels, provided by aria-label or aria-labelledby. [Learn more about custom controls and labels](https://web.dev/custom-controls-labels/)."
"accessibility","custom-controls-roles","null","","Custom interactive controls have appropriate ARIA roles. [Learn how to add roles to custom controls](https://web.dev/custom-control-roles/)."
"accessibility","visual-order-follows-dom","null","","DOM order matches the visual order, improving navigation for assistive technology. [Learn more about DOM and visual ordering](https://web.dev/visual-order-follows-dom/)."
"accessibility","offscreen-content-hidden","null","","Offscreen content is hidden with display: none or aria-hidden=true. [Learn how to properly hide offscreen content](https://web.dev/offscreen-content-hidden/)."
"accessibility","use-landmarks","null","","Landmark elements (<main>, <nav>, etc.) are used to improve the keyboard navigation of the page for assistive technology. [Learn more about landmark elements](https://web.dev/use-landmarks/)."
"best-practices","is-on-https","0","1 insecure request found","All sites should be protected with HTTPS, even ones that don't handle sensitive data. This includes avoiding [mixed content](https://developers.google.com/web/fundamentals/security/prevent-mixed-content/what-is-mixed-content), where some resources are loaded over HTTP despite the initial request being served over HTTPS. HTTPS prevents intruders from tampering with or passively listening in on the communications between your app and your users, and is a prerequisite for HTTP/2 and many new web platform APIs. [Learn more about HTTPS](https://web.dev/is-on-https/)."
"best-practices","geolocation-on-start","0","","Users are mistrustful of or confused by sites that request their location without context. Consider tying the request to a user action instead. [Learn more about the geolocation permission](https://web.dev/geolocation-on-start/)."
"best-practices","notification-on-start","0","","Users are mistrustful of or confused by sites that request to send notifications without context. Consider tying the request to user gestures instead. [Learn more about responsibly getting permission for notifications](https://web.dev/notification-on-start/)."
"best-practices","no-vulnerable-libraries","0","4 vulnerabilities detected","Some third-party scripts may contain known security vulnerabilities that are easily identified and exploited by attackers. [Learn more about vulnerable libraries](https://web.dev/no-vulnerable-libraries/)."
"best-practices","csp-xss","null","","A strong Content Security Policy (CSP) significantly reduces the risk of cross-site scripting (XSS) attacks. [Learn how to use a CSP to prevent XSS](https://web.dev/csp-xss/)"
"best-practices","password-inputs-can-be-pasted-into","0","","Preventing password pasting undermines good security policy. [Learn more about user-friendly password fields](https://web.dev/password-inputs-can-be-pasted-into/)."
"best-practices","image-aspect-ratio","0","","Image display dimensions should match natural aspect ratio. [Learn more about image aspect ratio](https://web.dev/image-aspect-ratio/)."
"best-practices","image-size-responsive","0","","Image natural dimensions should be proportional to the display size and the pixel ratio to maximize image clarity. [Learn how to provide responsive images](https://web.dev/serve-responsive-images/)."
"best-practices","preload-fonts","null","","Preload `optional` fonts so first-time visitors may use them. [Learn more about preloading fonts](https://web.dev/preload-optional-fonts/)"
"best-practices","doctype","1","","Specifying a doctype prevents the browser from switching to quirks-mode. [Learn more about the doctype declaration](https://web.dev/doctype/)."
"best-practices","charset","1","","A character encoding declaration is required. It can be done with a `<meta>` tag in the first 1024 bytes of the HTML or in the Content-Type HTTP response header. [Learn more about declaring the character encoding](https://web.dev/charset/)."
"best-practices","js-libraries","null","","All front-end JavaScript libraries detected on the page. [Learn more about this JavaScript library detection diagnostic audit](https://web.dev/js-libraries/)."
"best-practices","deprecations","0","2 warnings found","Deprecated APIs will eventually be removed from the browser. [Learn more about deprecated APIs](https://web.dev/deprecations/)."
"best-practices","errors-in-console","0","","Errors logged to the console indicate unresolved problems. They can come from network request failures and other browser concerns. [Learn more about this errors in console diagnostic audit](https://web.dev/errors-in-console/)"
"best-practices","valid-source-maps","1","","Source maps translate minified code to the original source code. This helps developers debug in production. In addition, Lighthouse is able to provide further insights. Consider deploying source maps to take advantage of these benefits. [Learn more about source maps](https://developers.google.com/web/tools/chrome-devtools/javascript/source-maps)."
"best-practices","inspector-issues","1","","Issues logged to the `Issues` panel in Chrome Devtools indicate unresolved problems. They can come from network request failures, insufficient security controls, and other browser concerns. Open up the Issues panel in Chrome DevTools for more details on each issue."
"seo","viewport","1","","A `<meta name=""viewport"">` not only optimizes your app for mobile screen sizes, but also prevents [a 300 millisecond delay to user input](https://developers.google.com/web/updates/2013/12/300ms-tap-delay-gone-away). [Learn more about using the viewport meta tag](https://web.dev/viewport/)."
"seo","document-title","1","","The title gives screen reader users an overview of the page, and search engine users rely on it heavily to determine if a page is relevant to their search. [Learn more about document titles](https://dequeuniversity.com/rules/axe/4.4/document-title)."
"seo","meta-description","0","","Meta descriptions may be included in search results to concisely summarize page content. [Learn more about the meta description](https://web.dev/meta-description/)."
"seo","http-status-code","1","","Pages with unsuccessful HTTP status codes may not be indexed properly. [Learn more about HTTP status codes](https://web.dev/http-status-code/)."
"seo","link-text","1","","Descriptive link text helps search engines understand your content. [Learn how to make links more accessible](https://web.dev/link-text/)."
"seo","crawlable-anchors","0","","Search engines may use `href` attributes on links to crawl websites. Ensure that the `href` attribute of anchor elements links to an appropriate destination, so more pages of the site can be discovered. [Learn how to make links crawlable](https://support.google.com/webmasters/answer/9112205)"
"seo","is-crawlable","1","","Search engines are unable to include your pages in search results if they don't have permission to crawl them. [Learn more about crawler directives](https://web.dev/is-crawable/)."
"seo","robots-txt","null","","If your robots.txt file is malformed, crawlers may not be able to understand how you want your website to be crawled or indexed. [Learn more about robots.txt](https://web.dev/robots-txt/)."
"seo","image-alt","0","","Informative elements should aim for short, descriptive alternate text. Decorative elements can be ignored with an empty alt attribute. [Learn more about the `alt` attribute](https://dequeuniversity.com/rules/axe/4.4/image-alt)."
"seo","hreflang","1","","hreflang links tell search engines what version of a page they should list in search results for a given language or region. [Learn more about `hreflang`](https://web.dev/hreflang/)."
"seo","canonical","null","","Canonical links suggest which URL to show in search results. [Learn more about canonical links](https://web.dev/canonical/)."
"seo","font-size","1","100% legible text","Font sizes less than 12px are too small to be legible and require mobile visitors to “pinch to zoom” in order to read. Strive to have >60% of page text ≥12px. [Learn more about legible font sizes](https://web.dev/font-size/)."
"seo","plugins","1","","Search engines can't index plugin content, and many devices restrict plugins or don't support them. [Learn more about avoiding plugins](https://web.dev/plugins/)."
"seo","tap-targets","0","0% appropriately sized tap targets","Interactive elements like buttons and links should be large enough (48x48px), and have enough space around them, to be easy enough to tap without overlapping onto other elements. [Learn more about tap targets](https://web.dev/tap-targets/)."
"seo","structured-data","null","","Run the [Structured Data Testing Tool](https://search.google.com/structured-data/testing-tool/) and the [Structured Data Linter](http://linter.structured-data.org/) to validate structured data. [Learn more about Structured Data](https://web.dev/structured-data/)."
"pwa","installable-manifest","0","1 reason","Service worker is the technology that enables your app to use many Progressive Web App features, such as offline, add to homescreen, and push notifications. With proper service worker and manifest implementations, browsers can proactively prompt users to add your app to their homescreen, which can lead to higher engagement. ' +
  '[Learn more about manifest installability requirements](https://web.dev/installable-manifest/)."
"pwa","service-worker","0","","The service worker is the technology that enables your app to use many Progressive Web App features, such as offline, add to homescreen, and push notifications. [Learn more about Service Workers](https://web.dev/service-worker/)."
"pwa","splash-screen","0","","A themed splash screen ensures a high-quality experience when users launch your app from their homescreens. [Learn more about splash screens](https://web.dev/splash-screen/)."
"pwa","themed-omnibox","0","","The browser address bar can be themed to match your site. [Learn more about theming the address bar](https://web.dev/themed-omnibox/)."
"pwa","content-width","1","","If the width of your app's content doesn't match the width of the viewport, your app might not be optimized for mobile screens. [Learn how to size content for the viewport](https://web.dev/content-width/)."
"pwa","viewport","1","","A `<meta name=""viewport"">` not only optimizes your app for mobile screen sizes, but also prevents [a 300 millisecond delay to user input](https://developers.google.com/web/updates/2013/12/300ms-tap-delay-gone-away). [Learn more about using the viewport meta tag](https://web.dev/viewport/)."
"pwa","maskable-icon","0","","A maskable icon ensures that the image fills the entire shape without being letterboxed when installing the app on a device. [Learn about maskable manifest icons](https://web.dev/maskable-icon-audit/)."
"pwa","pwa-cross-browser","null","","To reach the most number of users, sites should work across every major browser. [Learn about cross-browser compatibility](https://web.dev/pwa-cross-browser/)."
"pwa","pwa-page-transitions","null","","Transitions should feel snappy as you tap around, even on a slow network. This experience is key to a user's perception of performance. [Learn more about page transitions](https://web.dev/pwa-page-transitions/)."
"pwa","pwa-each-page-has-url","null","","Ensure individual pages are deep linkable via URL and that URLs are unique for the purpose of shareability on social media. [Learn more about providing deep links](https://web.dev/pwa-each-page-has-url/)."